Country_Name,Country_Code,Indicator_Name,Indicator_Code,1999,2000,2001,2002,2003,Total_T_Attacks,1999_T_Attacks,2000_T_Attacks,2001_T_Attacks,2002_T_Attacks,2003_T_Attacks,Attack_Type,Attack_Type_Count,Target_Type,Target_Type_Count,Weapon_Type,Weapon_Type_Count
Aruba,ABW,GDP (current US$),NY.GDP.MKTP.CD,1.722798883,1.873452514,1.920111732,1.941340782,2.02122905,0,0,0,0,0,0,Armed Assault,2124,Abortion Related,19,Biological,20
Afghanistan,AFG,GDP (current US$),NY.GDP.MKTP.CD,0,0,0,4.055179566,4.515558808,175,9,14,14,38,100,Assassination,452,Airports & Aircraft,76,Chemical,52
Angola,AGO,GDP (current US$),NY.GDP.MKTP.CD,6.152922943,9.129594819,8.936063723,15.28559483,17.81270529,102,34,22,40,6,0,Bombing/Explosion,3765,Business,888,Explosives,3825
Albania,ALB,GDP (current US$),NY.GDP.MKTP.CD,3.212119044,3.480355189,3.922099471,4.348070165,5.611492283,7,3,2,1,0,1,Facility/Infrastructre Attack,0,Educational Institution,160,Fake Weapons,3
Andorra,AND,GDP (current US$),NY.GDP.MKTP.CD,1.239876305,1.429049198,1.546926174,1.755910032,2.361726862,0,0,0,0,0,0,Hijacking,36,Food or Water Supply,13,Firearms,2530
Arab World,ARB,GDP (current US$),NY.GDP.MKTP.CD,644.5270107,735.6853193,722.9170104,726.8327401,821.0899318,0,0,0,0,0,0,Hostage Taking (Barricade Incident),18,Government (Diplomatic),203,Incendiary,593
United Arab Emirates,ARE,GDP (current US$),NY.GDP.MKTP.CD,84.44547311,104.3373724,103.3116406,109.8162015,124.3463581,0,0,0,0,0,0,Hostage Taking (Kidnapping),509,Government (General),1088,Melee,228
Argentina,ARG,GDP (current US$),NY.GDP.MKTP.CD,283.523,284.20375,268.69675,97.72400425,127.5869735,4,1,0,2,0,1,Unarmed Assault,133,Journalists & Media,154,Other,18
Armenia,ARM,GDP (current US$),NY.GDP.MKTP.CD,1.845482181,1.911563665,2.118467913,2.376335048,2.807061009,6,2,2,2,0,0,Unknown,179,Maritime,25,Radiological,10
American Samoa,ASM,GDP (current US$),NY.GDP.MKTP.CD,0,0,0,0.514,0.527,0,0,0,0,0,0,,,Military,898,Sabotage Equipment,9
Antigua and Barbuda,ATG,GDP (current US$),NY.GDP.MKTP.CD,0.7662,0.82637037,0.800481481,0.814381481,0.856396296,0,0,0,0,0,0,,,NGO,77,Unknown,429
Australia,AUS,GDP (current US$),NY.GDP.MKTP.CD,388.6082216,415.2226339,378.3760867,394.6489117,466.4880606,3,0,1,2,0,0,,,Police,795,"Vehicle (not to include vehicle-borne explosives, i.e., car or truck bombs)",9
Austria,AUT,GDP (current US$),NY.GDP.MKTP.CD,217.1857873,196.7997789,197.3378792,213.3777715,261.6957788,0,0,0,0,0,0,,,Private Citizens & Property,2271,,
Azerbaijan,AZE,GDP (current US$),NY.GDP.MKTP.CD,4.581246713,5.272617196,5.707720391,6.23585682,7.276013032,6,0,1,4,1,0,,,Religious Figures/Institutions,262,,
Burundi,BDI,GDP (current US$),NY.GDP.MKTP.CD,0.808077223,0.870486066,0.876794723,0.82539449,0.784654424,103,13,17,37,18,18,,,Telecommunication,46,,
Belgium,BEL,GDP (current US$),NY.GDP.MKTP.CD,258.158534,236.2045329,236.5412975,257.1578204,317.3817156,13,2,0,0,3,8,,,Terrorist/Non-State Militia,0,,
Benin,BEN,GDP (current US$),NY.GDP.MKTP.CD,3.676045653,3.5112489,3.6630177,4.17463452,5.337266688,0,0,0,0,0,0,,,Tourists,50,,
Burkina Faso,BFA,GDP (current US$),NY.GDP.MKTP.CD,3.364819317,2.956746304,3.19037105,3.622350204,4.740768355,0,0,0,0,0,0,,,Transportation,391,,
Bangladesh,BGD,GDP (current US$),NY.GDP.MKTP.CD,51.27056988,53.36978732,53.99128984,54.72408149,60.15892919,58,11,23,15,5,4,,,Unknown,68,,
Bulgaria,BGR,GDP (current US$),NY.GDP.MKTP.CD,13.62732328,13.24583384,14.18349796,16.40284641,21.14498355,5,1,2,1,1,0,,,Utilities,136,,
Bahrain,BHR,GDP (current US$),NY.GDP.MKTP.CD,6.621010372,9.062898936,8.976196809,9.593510638,11.07481383,1,0,0,0,0,1,,,Violent Political Party,47,,
"Bahamas, The",BHS,GDP (current US$),NY.GDP.MKTP.CD,7.68387,8.07647,8.31783,8.88116,8.87009,0,0,0,0,0,0,,,,,,
Bosnia and Herzegovina,BIH,GDP (current US$),NY.GDP.MKTP.CD,4.685733115,5.505887894,5.748993411,6.651106833,8.369878823,0,0,0,0,0,0,,,,,,
Belarus,BLR,GDP (current US$),NY.GDP.MKTP.CD,12.13848653,12.73685683,12.35482014,14.59424902,17.82779132,2,1,0,1,0,0,,,,,,
Belize,BLZ,GDP (current US$),NY.GDP.MKTP.CD,0.73275,0.83205,0.86835,0.92505,0.9835,1,0,1,0,0,0,,,,,,
Bermuda,BMU,GDP (current US$),NY.GDP.MKTP.CD,3.324433,3.480219,3.680483,3.937228,4.186525,0,0,0,0,0,0,,,,,,
Bolivia,BOL,GDP (current US$),NY.GDP.MKTP.CD,8.285075872,8.397912509,8.141537938,7.905485216,8.082364868,1,0,0,0,0,1,,,,,,
Brazil,BRA,GDP (current US$),NY.GDP.MKTP.CD,599.38858,655.4206455,559.3722761,507.9624877,558.3199208,8,1,2,3,1,1,,,,,,
Barbados,BRB,GDP (current US$),NY.GDP.MKTP.CD,2.951822205,3.0595,3.0545,3.1065,3.2095,0,0,0,0,0,0,,,,,,
Brunei Darussalam,BRN,GDP (current US$),NY.GDP.MKTP.CD,4.6,6.001153306,5.601090584,5.843329108,6.557333085,0,0,0,0,0,0,,,,,,
Bhutan,BTN,GDP (current US$),NY.GDP.MKTP.CD,0.41903581,0.42446409,0.461444514,0.520849552,0.604041958,0,0,0,0,0,0,,,,,,
Botswana,BWA,GDP (current US$),NY.GDP.MKTP.CD,5.484257417,5.788329609,5.4896083,5.438857107,7.511582173,0,0,0,0,0,0,,,,,,
Central African Republic,CAF,GDP (current US$),NY.GDP.MKTP.CD,0.999477511,0.914500299,0.931833303,0.99138787,1.139754799,2,0,1,1,0,0,,,,,,
Canada,CAN,GDP (current US$),NY.GDP.MKTP.CD,676.0840008,742.2954683,736.3797779,757.9506786,892.3824138,7,2,5,0,0,0,,,,,,
Central Europe and the Baltics,CEB,GDP (current US$),NY.GDP.MKTP.CD,434.738469,428.0264792,468.5731393,527.9575385,633.7142398,0,0,0,0,0,0,,,,,,
Switzerland,CHE,GDP (current US$),NY.GDP.MKTP.CD,289.9124923,272.0554998,278.6312716,301.41681,352.9148207,9,2,4,2,0,1,,,,,,
Channel Islands,CHI,GDP (current US$),NY.GDP.MKTP.CD,6.262740657,6.439703435,6.23290629,6.663669065,7.332244898,0,0,0,0,0,0,,,,,,
Chile,CHL,GDP (current US$),NY.GDP.MKTP.CD,75.1737945,77.86093215,70.97992396,69.73681144,75.64345984,11,3,2,3,1,2,,,,,,
China,CHN,GDP (current US$),NY.GDP.MKTP.CD,1093.997267,1211.34687,1339.395719,1470.550015,1660.287966,23,2,4,12,2,3,,,,,,
Cote d'Ivoire,CIV,GDP (current US$),NY.GDP.MKTP.CD,12.37663982,10.71702246,11.20235358,12.40520867,15.34099308,0,0,0,0,0,0,,,,,,
Cameroon,CMR,GDP (current US$),NY.GDP.MKTP.CD,11.19837875,10.08393774,10.37132776,11.57934309,14.54884576,0,0,0,0,0,0,,,,,,
"Congo, Dem. Rep.",COD,GDP (current US$),NY.GDP.MKTP.CD,4.711259427,19.08804631,7.4381891,8.728038525,8.93756706,0,0,0,0,0,0,,,,,,
"Congo, Rep.",COG,GDP (current US$),NY.GDP.MKTP.CD,2.353909564,3.21991055,2.796704577,3.034251042,3.503723245,0,0,0,0,0,0,,,,,,
Colombia,COL,GDP (current US$),NY.GDP.MKTP.CD,86.18615868,99.88657733,98.2117496,97.9630038,94.64137869,708,116,137,207,150,98,,,,,,
Comoros,COM,GDP (current US$),NY.GDP.MKTP.CD,0.38245499,0.350264288,0.378512003,0.425964697,0.546885185,0,0,0,0,0,0,,,,,,
Cabo Verde,CPV,GDP (current US$),NY.GDP.MKTP.CD,0.592416703,0.539227278,0.563024383,0.62097466,0.81396383,0,0,0,0,0,0,,,,,,
Costa Rica,CRI,GDP (current US$),NY.GDP.MKTP.CD,14.19562334,14.94951449,15.91336344,16.50479559,17.19600981,1,0,0,1,0,0,,,,,,
Caribbean small states,CSS,GDP (current US$),NY.GDP.MKTP.CD,31.9091869,34.19826185,35.24912449,36.99058196,39.5458437,0,0,0,0,0,0,,,,,,
Cuba,CUB,GDP (current US$),NY.GDP.MKTP.CD,28.3646152,30.5654,31.6824,33.5905,35.9012,0,0,0,0,0,0,,,,,,
Curacao,CUW,GDP (current US$),NY.GDP.MKTP.CD,0,0,0,0,0,0,0,0,0,0,0,,,,,,
Cayman Islands,CYM,GDP (current US$),NY.GDP.MKTP.CD,0,0,0,0,0,0,0,0,0,0,0,,,,,,
Cyprus,CYP,GDP (current US$),NY.GDP.MKTP.CD,10.49790831,9.985844486,10.39789709,11.42022788,14.54732503,4,1,2,1,0,0,,,,,,
Czech Republic,CZE,GDP (current US$),NY.GDP.MKTP.CD,65.173131,61.8281665,67.80803298,82.19600105,100.0904676,2,0,0,1,0,1,,,,,,
Germany,DEU,GDP (current US$),NY.GDP.MKTP.CD,2194.204134,1943.145384,1944.107383,2068.624129,2496.128668,34,13,8,8,3,2,,,,,,
Djibouti,DJI,GDP (current US$),NY.GDP.MKTP.CD,0.536080148,0.551230862,0.572417441,0.59112204,0.622044666,0,0,0,0,0,0,,,,,,
Dominica,DMA,GDP (current US$),NY.GDP.MKTP.CD,0.331759,0.333468889,0.340205074,0.333195185,0.343310667,0,0,0,0,0,0,,,,,,
Denmark,DNK,GDP (current US$),NY.GDP.MKTP.CD,177.9651884,164.1587391,164.7914425,178.6351637,218.0960335,1,1,0,0,0,0,,,,,,
Dominican Republic,DOM,GDP (current US$),NY.GDP.MKTP.CD,22.13759998,24.30511673,25.6017654,27.13750866,21.40316785,0,0,0,0,0,0,,,,,,
Algeria,DZA,GDP (current US$),NY.GDP.MKTP.CD,48.64058041,54.79023386,54.74472577,56.76024698,67.86384133,564,106,138,113,132,75,,,,,,
East Asia & Pacific (excluding high income),EAP,GDP (current US$),NY.GDP.MKTP.CD,1576.375004,1737.749129,1848.789443,2046.198377,2315.828972,0,0,0,0,0,0,,,,,,
Early-demographic dividend,EAR,GDP (current US$),NY.GDP.MKTP.CD,3039.23764,3310.687185,3276.711855,3181.210763,3538.817562,0,0,0,0,0,0,,,,,,
East Asia & Pacific,EAS,GDP (current US$),NY.GDP.MKTP.CD,7667.708145,8297.737597,7718.742374,7844.844857,8626.683824,0,0,0,0,0,0,,,,,,
Europe & Central Asia (excluding high income),ECA,GDP (current US$),NY.GDP.MKTP.CD,592.4565511,662.4432159,655.1236609,750.1804164,946.3836255,0,0,0,0,0,0,,,,,,
Europe & Central Asia,ECS,GDP (current US$),NY.GDP.MKTP.CD,10659.42778,10032.23096,10142.98296,11088.75968,13500.55231,0,0,0,0,0,0,,,,,,
Ecuador,ECU,GDP (current US$),NY.GDP.MKTP.CD,19.64527264,18.32776488,24.468324,28.548945,32.432858,17,2,4,5,2,4,,,,,,
"Egypt, Arab Rep.",EGY,GDP (current US$),NY.GDP.MKTP.CD,90.71070481,99.83854396,96.68463612,85.14606742,80.28846154,0,0,0,0,0,0,,,,,,
Euro area,EMU,GDP (current US$),NY.GDP.MKTP.CD,7113.969066,6479.499626,6590.446637,7166.146904,8842.875774,0,0,0,0,0,0,,,,,,
Eritrea,ERI,GDP (current US$),NY.GDP.MKTP.CD,0.688921326,0.706370816,0.752368496,0.729321367,0.870247703,0,0,0,0,0,0,,,,,,
Spain,ESP,GDP (current US$),NY.GDP.MKTP.CD,634.69316,596.8776488,627.2868009,705.3943158,905.4920993,300,47,112,79,41,21,,,,,,
Estonia,EST,GDP (current US$),NY.GDP.MKTP.CD,5.762048552,5.694069842,6.2592579,7.37245738,9.877636631,2,1,0,1,0,0,,,,,,
Ethiopia,ETH,GDP (current US$),NY.GDP.MKTP.CD,7.700833482,8.242392104,8.231326016,7.850809498,8.6236913,7,2,1,0,3,1,,,,,,
European Union,EUU,GDP (current US$),NY.GDP.MKTP.CD,7923.321097,7259.892617,7387.730549,8049.791026,9912.163143,0,0,0,0,0,0,,,,,,
Fragile and conflict affected situations,FCS,GDP (current US$),NY.GDP.MKTP.CD,350.2581474,412.0713144,407.6550755,391.5438515,416.7301344,0,0,0,0,0,0,,,,,,
Finland,FIN,GDP (current US$),NY.GDP.MKTP.CD,135.2184104,125.7066519,129.4210291,139.7383776,171.2742664,0,0,0,0,0,0,,,,,,
Fiji,FJI,GDP (current US$),NY.GDP.MKTP.CD,1.942170999,1.684109743,1.660102346,1.842691481,2.315935753,8,3,4,1,0,0,,,,,,
France,FRA,GDP (current US$),NY.GDP.MKTP.CD,1492.64756,1362.24894,1376.465324,1494.286655,1840.480813,161,46,28,21,32,34,,,,,,
Faroe Islands,FRO,GDP (current US$),NY.GDP.MKTP.CD,1.120280382,1.058702725,1.147654635,1.262669892,1.494011567,0,0,0,0,0,0,,,,,,
"Micronesia, Fed. Sts.",FSM,GDP (current US$),NY.GDP.MKTP.CD,0.2201405,0.2332718,0.2409709,0.2425172,0.2454329,0,0,0,0,0,0,,,,,,
Gabon,GAB,GDP (current US$),NY.GDP.MKTP.CD,4.662992036,5.067865321,5.023265365,5.335451308,6.511903657,0,0,0,0,0,0,,,,,,
United Kingdom,GBR,GDP (current US$),NY.GDP.MKTP.CD,1682.399288,1657.816614,1640.246149,1784.473921,2053.018776,275,76,61,94,21,23,,,,,,
Georgia,GEO,GDP (current US$),NY.GDP.MKTP.CD,2.800026339,3.057475289,3.219488664,3.395728014,3.991284895,26,7,7,4,2,6,,,,,,
Ghana,GHA,GDP (current US$),NY.GDP.MKTP.CD,7.719354839,4.983024408,5.314909954,6.166330136,7.632406553,0,0,0,0,0,0,,,,,,
Gibraltar,GIB,GDP (current US$),NY.GDP.MKTP.CD,0,0,0,0,0,0,0,0,0,0,0,,,,,,
Guinea,GIN,GDP (current US$),NY.GDP.MKTP.CD,3.461282294,2.995360969,2.829435957,2.950198649,3.446441698,12,0,12,0,0,0,,,,,,
"Gambia, The",GMB,GDP (current US$),NY.GDP.MKTP.CD,0.81472346,0.782915402,0.687408805,0.578236035,0.487038822,0,0,0,0,0,0,,,,,,
Guinea-Bissau,GNB,GDP (current US$),NY.GDP.MKTP.CD,0.224446664,0.370173839,0.392621386,0.417806667,0.477458599,2,0,0,1,0,1,,,,,,
Equatorial Guinea,GNQ,GDP (current US$),NY.GDP.MKTP.CD,0.621117886,1.045998496,1.461139022,1.806742742,2.484745935,0,0,0,0,0,0,,,,,,
Greece,GRC,GDP (current US$),NY.GDP.MKTP.CD,142.5407287,130.1338456,136.1913539,153.8309467,201.9242698,100,35,28,14,11,12,,,,,,
Grenada,GRD,GDP (current US$),NY.GDP.MKTP.CD,0.48200937,0.52004437,0.520444185,0.540336926,0.591018407,0,0,0,0,0,0,,,,,,
Greenland,GRL,GDP (current US$),NY.GDP.MKTP.CD,1.131561595,1.06803083,1.086172923,1.169138789,1.558753434,0,0,0,0,0,0,,,,,,
Guatemala,GTM,GDP (current US$),NY.GDP.MKTP.CD,18.31841225,19.28882716,18.70280252,20.77640377,21.91743069,7,1,1,2,0,3,,,,,,
Guam,GUM,GDP (current US$),NY.GDP.MKTP.CD,0,0,0,3.385,3.56,0,0,0,0,0,0,,,,,,
Guyana,GUY,GDP (current US$),NY.GDP.MKTP.CD,0.694754988,0.712667897,0.712167576,0.726131435,0.743064077,3,0,0,1,1,1,,,,,,
High income,HIC,GDP (current US$),NY.GDP.MKTP.CD,27100.98146,27650.77037,27392.71846,28554.30566,32016.04634,0,0,0,0,0,0,,,,,,
"Hong Kong SAR, China",HKG,GDP (current US$),NY.GDP.MKTP.CD,165.7680954,171.6681641,169.4032415,166.3492287,161.3845225,0,0,0,0,0,0,,,,,,
Honduras,HND,GDP (current US$),NY.GDP.MKTP.CD,6.41452053,7.103507989,7.651174661,7.858235333,8.230387552,1,0,0,0,1,0,,,,,,
Heavily indebted poor countries (HIPC),HPC,GDP (current US$),NY.GDP.MKTP.CD,154.9743238,169.2084021,161.7207364,173.7307845,197.0951547,0,0,0,0,0,0,,,,,,
Croatia,HRV,GDP (current US$),NY.GDP.MKTP.CD,23.45703898,21.63367168,23.05477885,26.81396885,34.68290071,5,0,2,3,0,0,,,,,,
Haiti,HTI,GDP (current US$),NY.GDP.MKTP.CD,4.153736347,6.86866612,6.3649081,6.106867934,5.000238129,26,5,9,5,2,5,,,,,,
Hungary,HUN,GDP (current US$),NY.GDP.MKTP.CD,49.07338017,47.21840589,53.74998909,67.60891914,85.30200391,1,0,0,1,0,0,,,,,,
IBRD only,IBD,GDP (current US$),NY.GDP.MKTP.CD,5345.537275,5811.794725,5897.138633,5989.579908,6744.327168,0,0,0,0,0,0,,,,,,
IDA & IBRD total,IBT,GDP (current US$),NY.GDP.MKTP.CD,5766.668268,6282.095001,6362.527863,6490.034064,7306.342783,0,0,0,0,0,0,,,,,,
IDA total,IDA,GDP (current US$),NY.GDP.MKTP.CD,422.9154735,472.8352731,467.6939687,503.4191917,565.3321944,0,0,0,0,0,0,,,,,,
IDA blend,IDB,GDP (current US$),NY.GDP.MKTP.CD,181.1917506,206.2203092,205.8125038,227.2501015,255.0518772,0,0,0,0,0,0,,,,,,
Indonesia,IDN,GDP (current US$),NY.GDP.MKTP.CD,140.0013512,165.0210121,160.4469478,195.6606112,234.7724638,327,60,101,105,43,18,,,,,,
IDA only,IDX,GDP (current US$),NY.GDP.MKTP.CD,240.6499054,265.0707963,260.269682,274.1730017,308.0431024,0,0,0,0,0,0,,,,,,
Isle of Man,IMN,GDP (current US$),NY.GDP.MKTP.CD,1.567465657,1.5636678,1.659131244,1.947332922,2.328658228,0,0,0,0,0,0,,,,,,
India,IND,GDP (current US$),NY.GDP.MKTP.CD,458.8204173,468.3949373,485.4410145,514.9379489,607.6992854,906,112,180,234,184,196,,,,,,
Not classified,INX,GDP (current US$),NY.GDP.MKTP.CD,0,0,0,0,0,0,0,0,0,0,0,,,,,,
Ireland,IRL,GDP (current US$),NY.GDP.MKTP.CD,98.69207969,99.85295836,109.1352537,127.9498748,164.2846896,6,3,0,2,0,1,,,,,,
"Iran, Islamic Rep.",IRN,GDP (current US$),NY.GDP.MKTP.CD,113.8484501,109.5917078,126.8787503,128.6269175,153.5447514,0,0,0,0,0,0,,,,,,
Iraq,IRQ,GDP (current US$),NY.GDP.MKTP.CD,0,0,0,0,0,133,12,10,3,6,102,,,,,,
Iceland,ISL,GDP (current US$),NY.GDP.MKTP.CD,8.97160873,9.003639603,8.205357405,9.294652008,11.41405507,0,0,0,0,0,0,,,,,,
Israel,ISR,GDP (current US$),NY.GDP.MKTP.CD,117.1115351,132.3430427,130.7563366,121.1238286,126.9659801,215,8,15,79,75,38,,,,,,
Italy,ITA,GDP (current US$),NY.GDP.MKTP.CD,1252.023759,1143.829832,1167.012796,1270.712309,1574.145824,48,7,8,11,7,15,,,,,,
Jamaica,JAM,GDP (current US$),NY.GDP.MKTP.CD,8.851581633,8.985352832,9.194717836,9.719017926,9.430230564,0,0,0,0,0,0,,,,,,
Jordan,JOR,GDP (current US$),NY.GDP.MKTP.CD,8.149106065,8.460424401,8.975689845,9.582453032,10.19566079,8,2,2,2,2,0,,,,,,
Japan,JPN,GDP (current US$),NY.GDP.MKTP.CD,4562.078822,4887.519661,4303.54426,4115.116279,4445.658071,22,2,13,3,2,2,,,,,,
Kazakhstan,KAZ,GDP (current US$),NY.GDP.MKTP.CD,16.87081713,18.29199062,22.15269416,24.63659322,30.8336997,2,0,1,1,0,0,,,,,,
Kenya,KEN,GDP (current US$),NY.GDP.MKTP.CD,12.89601358,12.7053571,12.98600743,13.14774391,14.90451765,15,0,4,7,2,2,,,,,,
Kyrgyz Republic,KGZ,GDP (current US$),NY.GDP.MKTP.CD,1.249061487,1.369688498,1.52511637,1.605643105,1.91900809,0,0,0,0,0,0,,,,,,
Cambodia,KHM,GDP (current US$),NY.GDP.MKTP.CD,3.517242477,3.677897739,3.984000517,4.284028483,4.658246918,23,8,4,7,3,1,,,,,,
Kiribati,KIR,GDP (current US$),NY.GDP.MKTP.CD,0.069032258,0.067254174,0.063101272,0.072196458,0.090231857,0,0,0,0,0,0,,,,,,
St. Kitts and Nevis,KNA,GDP (current US$),NY.GDP.MKTP.CD,0.406595484,0.421473325,0.458643829,0.481077374,0.46986987,0,0,0,0,0,0,,,,,,
"Korea, Rep.",KOR,GDP (current US$),NY.GDP.MKTP.CD,497.5126596,576.1781142,547.6582313,627.2460814,702.717332,0,0,0,0,0,0,,,,,,
Kuwait,KWT,GDP (current US$),NY.GDP.MKTP.CD,30.1238502,37.71284224,34.88751223,38.13754525,47.87651007,6,0,0,2,1,3,,,,,,
Latin America & Caribbean (excluding high income),LAC,GDP (current US$),NY.GDP.MKTP.CD,1877.278381,2085.517972,2036.341754,1811.639611,1843.492151,0,0,0,0,0,0,,,,,,
Lao PDR,LAO,GDP (current US$),NY.GDP.MKTP.CD,1.454430642,1.731198022,1.768619058,1.758176653,2.023324407,0,0,0,0,0,0,,,,,,
Lebanon,LBN,GDP (current US$),NY.GDP.MKTP.CD,17.39105637,17.26036484,17.64975124,19.15223881,20.08291874,72,42,12,5,8,5,,,,,,
Liberia,LBR,GDP (current US$),NY.GDP.MKTP.CD,0,0.874,0.906,0.927,0.748,11,2,1,3,3,2,,,,,,
Libya,LBY,GDP (current US$),NY.GDP.MKTP.CD,35.9767141,38.27020695,34.11006445,20.48188976,26.265625,0,0,0,0,0,0,,,,,,
St. Lucia,LCA,GDP (current US$),NY.GDP.MKTP.CD,0.921851852,0.932592593,0.892592593,0.9,0.987407407,1,0,1,0,0,0,,,,,,
Latin America & Caribbean,LCN,GDP (current US$),NY.GDP.MKTP.CD,2075.440466,2292.220469,2242.7007,2012.30667,2055.23863,0,0,0,0,0,0,,,,,,
Least developed countries: UN classification,LDC,GDP (current US$),NY.GDP.MKTP.CD,191.3375913,219.1328607,209.3702939,226.9760872,256.7970443,0,0,0,0,0,0,,,,,,
Low income,LIC,GDP (current US$),NY.GDP.MKTP.CD,107.5535465,134.0807792,125.540285,134.7314282,147.2369105,0,0,0,0,0,0,,,,,,
Liechtenstein,LIE,GDP (current US$),NY.GDP.MKTP.CD,2.664026095,2.483953103,2.491822707,2.688630823,3.07069132,0,0,0,0,0,0,,,,,,
Sri Lanka,LKA,GDP (current US$),NY.GDP.MKTP.CD,15.65632786,16.33081418,15.7497538,16.53653565,18.88176544,162,46,68,36,3,9,,,,,,
Lower middle income,LMC,GDP (current US$),NY.GDP.MKTP.CD,1166.65638,1219.872747,1239.154486,1308.783882,1492.456157,0,0,0,0,0,0,,,,,,
Low & middle income,LMY,GDP (current US$),NY.GDP.MKTP.CD,5449.723049,5962.901994,6028.839393,6147.806847,6920.691312,0,0,0,0,0,0,,,,,,
Lesotho,LSO,GDP (current US$),NY.GDP.MKTP.CD,0.912771291,0.887295268,0.825706961,0.775780698,1.157832935,0,0,0,0,0,0,,,,,,
Late-demographic dividend,LTE,GDP (current US$),NY.GDP.MKTP.CD,3098.867249,3403.054686,3517.448174,3726.385885,4246.948061,0,0,0,0,0,0,,,,,,
Lithuania,LTU,GDP (current US$),NY.GDP.MKTP.CD,10.97158394,11.52477687,12.237388,14.25978116,18.78172138,0,0,0,0,0,0,,,,,,
Luxembourg,LUX,GDP (current US$),NY.GDP.MKTP.CD,22.23592904,21.26351483,21.27241879,23.61632882,29.55732506,0,0,0,0,0,0,,,,,,
Latvia,LVA,GDP (current US$),NY.GDP.MKTP.CD,7.525408359,7.949253766,8.351415939,9.545172806,11.7494564,4,1,3,0,0,0,,,,,,
"Macao SAR, China",MAC,GDP (current US$),NY.GDP.MKTP.CD,6.490571704,6.720492406,6.811227983,7.32267782,8.195033162,0,0,0,0,0,0,,,,,,
St. Martin (French part),MAF,GDP (current US$),NY.GDP.MKTP.CD,0,0,0,0,0,0,0,0,0,0,0,,,,,,
Morocco,MAR,GDP (current US$),NY.GDP.MKTP.CD,41.6320276,38.85725134,39.45958122,42.23683682,52.06405883,5,0,0,0,0,5,,,,,,
Monaco,MCO,GDP (current US$),NY.GDP.MKTP.CD,2.906009308,2.647883816,2.718868306,2.968987019,3.601321065,0,0,0,0,0,0,,,,,,
Moldova,MDA,GDP (current US$),NY.GDP.MKTP.CD,1.170782957,1.288429392,1.480673594,1.661818168,1.980907435,1,0,1,0,0,0,,,,,,
Madagascar,MDG,GDP (current US$),NY.GDP.MKTP.CD,4.27790378,4.629247091,5.438332738,5.351701534,6.37249872,5,0,0,0,5,0,,,,,,
Maldives,MDV,GDP (current US$),NY.GDP.MKTP.CD,0.589239754,0.624337145,0.870179739,0.89703125,1.052121055,0,0,0,0,0,0,,,,,,
Middle East & North Africa,MEA,GDP (current US$),NY.GDP.MKTP.CD,866.7266946,966.7939393,969.4380366,963.8148502,1086.468754,0,0,0,0,0,0,,,,,,
Mexico,MEX,GDP (current US$),NY.GDP.MKTP.CD,600.232874,707.9067446,756.7063006,772.1063789,729.3363197,13,1,4,7,0,1,,,,,,
Marshall Islands,MHL,GDP (current US$),NY.GDP.MKTP.CD,0.1143263,0.1153475,0.122824,0.1317382,0.1313985,0,0,0,0,0,0,,,,,,
Middle income,MIC,GDP (current US$),NY.GDP.MKTP.CD,5343.217506,5832.22085,5905.406963,6016.115403,6776.422315,0,0,0,0,0,0,,,,,,
North Macedonia,MKD,GDP (current US$),NY.GDP.MKTP.CD,3.863743409,3.77285142,3.70963783,4.018365247,4.946292775,0,0,0,0,0,0,,,,,,
Mali,MLI,GDP (current US$),NY.GDP.MKTP.CD,3.43946314,2.954129566,3.465305993,3.889758024,4.703504467,0,0,0,0,0,0,,,,,,
Malta,MLT,GDP (current US$),NY.GDP.MKTP.CD,4.121350759,4.069515557,4.088368962,4.470446352,5.44841554,0,0,0,0,0,0,,,,,,
Myanmar,MMR,GDP (current US$),NY.GDP.MKTP.CD,0,8.905066164,6.477790688,6.777632512,10.46710998,20,4,0,3,4,9,,,,,,
Middle East & North Africa (excluding high income),MNA,GDP (current US$),NY.GDP.MKTP.CD,435.8695954,451.6639566,466.3368464,450.7739202,508.9467579,0,0,0,0,0,0,,,,,,
Montenegro,MNE,GDP (current US$),NY.GDP.MKTP.CD,0,0.984297589,1.159869246,1.284685051,1.707710053,1,0,0,1,0,0,,,,,,
Mongolia,MNG,GDP (current US$),NY.GDP.MKTP.CD,1.057408589,1.136896124,1.267997934,1.39655572,1.595297356,0,0,0,0,0,0,,,,,,
Northern Mariana Islands,MNP,GDP (current US$),NY.GDP.MKTP.CD,0,0,0,1.284,1.239,0,0,0,0,0,0,,,,,,
Mozambique,MOZ,GDP (current US$),NY.GDP.MKTP.CD,5.976408044,5.656473652,5.398568544,5.677003239,6.303391144,4,1,3,0,0,0,,,,,,
Mauritania,MRT,GDP (current US$),NY.GDP.MKTP.CD,1.985924387,1.77952111,1.746064719,1.777058593,2.051147607,0,0,0,0,0,0,,,,,,
Mauritius,MUS,GDP (current US$),NY.GDP.MKTP.CD,4.343710333,4.66331362,4.613630623,4.84131024,5.816553827,0,0,0,0,0,0,,,,,,
Malawi,MWI,GDP (current US$),NY.GDP.MKTP.CD,1.775921718,1.743506531,1.716502862,3.495748398,3.208837077,1,0,0,0,1,0,,,,,,
Malaysia,MYS,GDP (current US$),NY.GDP.MKTP.CD,79.14842105,93.78973684,92.78394737,100.8455263,110.2023684,4,0,3,1,0,0,,,,,,
North America,NAC,GDP (current US$),NY.GDP.MKTP.CD,10310.07264,10998.12115,11321.88166,11698.30696,12354.81282,0,0,0,0,0,0,,,,,,
Namibia,NAM,GDP (current US$),NY.GDP.MKTP.CD,3.818954448,3.833993703,3.476452446,3.275669889,4.811994025,28,1,21,6,0,0,,,,,,
New Caledonia,NCL,GDP (current US$),NY.GDP.MKTP.CD,3.056999988,2.682347064,0,0,0,0,0,0,0,0,0,,,,,,
Niger,NER,GDP (current US$),NY.GDP.MKTP.CD,2.53685932,2.23618539,2.448714681,2.782192987,3.394084885,2,2,0,0,0,0,,,,,,
Nigeria,NGA,GDP (current US$),NY.GDP.MKTP.CD,59.37261349,69.44875693,74.03036447,95.38581932,104.9119478,44,18,6,5,6,9,,,,,,
Nicaragua,NIC,GDP (current US$),NY.GDP.MKTP.CD,4.855717875,5.107329007,5.323146566,5.224213018,5.322454926,2,1,1,0,0,0,,,,,,
Netherlands,NLD,GDP (current US$),NY.GDP.MKTP.CD,446.8985723,416.4427861,431.2134228,471.6139657,578.7923251,8,1,1,1,2,3,,,,,,
Norway,NOR,GDP (current US$),NY.GDP.MKTP.CD,162.2844651,171.2471313,173.9722188,195.5241865,228.8585068,2,0,0,1,0,1,,,,,,
Nepal,NPL,GDP (current US$),NY.GDP.MKTP.CD,5.033642384,5.494252208,6.007055042,6.050875807,6.330473097,137,8,23,33,58,15,,,,,,
Nauru,NRU,GDP (current US$),NY.GDP.MKTP.CD,0,0,0,0,0,0,0,0,0,0,0,,,,,,
New Zealand,NZL,GDP (current US$),NY.GDP.MKTP.CD,58.76226063,52.62328196,53.87242592,66.62772931,88.25088555,4,0,0,1,0,3,,,,,,
OECD members,OED,GDP (current US$),NY.GDP.MKTP.CD,26928.0326,27502.31226,27256.72601,28434.51473,31819.66235,0,0,0,0,0,0,,,,,,
Oman,OMN,GDP (current US$),NY.GDP.MKTP.CD,15.59345612,19.50745251,19.45200048,20.14275617,21.63370822,0,0,0,0,0,0,,,,,,
Other small states,OSS,GDP (current US$),NY.GDP.MKTP.CD,80.91464971,91.29227774,90.83747212,98.02148963,122.0193767,0,0,0,0,0,0,,,,,,
Pakistan,PAK,GDP (current US$),NY.GDP.MKTP.CD,62.97385572,82.01774342,79.48440398,79.90498538,91.76054294,216,39,49,53,46,29,,,,,,
Panama,PAN,GDP (current US$),NY.GDP.MKTP.CD,12.1302522,12.304115,12.5020134,12.9943104,13.6939812,2,1,1,0,0,0,,,,,,
Peru,PER,GDP (current US$),NY.GDP.MKTP.CD,50.18732457,51.74474913,52.03015878,54.77755352,58.73103012,14,5,3,3,2,1,,,,,,
Philippines,PHL,GDP (current US$),NY.GDP.MKTP.CD,82.99514579,83.67026171,78.9210715,84.30736987,87.03914597,368,31,132,50,48,107,,,,,,
Palau,PLW,GDP (current US$),NY.GDP.MKTP.CD,0,0.1462975,0.1569079,0.1631849,0.1539632,0,0,0,0,0,0,,,,,,
Papua New Guinea,PNG,GDP (current US$),NY.GDP.MKTP.CD,3.477038204,3.521339699,3.081024212,2.99951104,3.536411824,1,0,0,0,1,0,,,,,,
Poland,POL,GDP (current US$),NY.GDP.MKTP.CD,170.031005,172.2194611,190.9054935,199.0720588,217.8272608,1,0,0,1,0,0,,,,,,
Pre-demographic dividend,PRE,GDP (current US$),NY.GDP.MKTP.CD,214.5877593,243.9039012,241.2606995,286.6213193,326.8140181,0,0,0,0,0,0,,,,,,
Puerto Rico,PRI,GDP (current US$),NY.GDP.MKTP.CD,57.841,61.7018,69.2084,71.6235,74.8274,0,0,0,0,0,0,,,,,,
"Korea, Dem. People’s Rep.",PRK,GDP (current US$),NY.GDP.MKTP.CD,0,0,0,0,0,0,0,0,0,0,0,,,,,,
Portugal,PRT,GDP (current US$),NY.GDP.MKTP.CD,127.4273439,118.3107103,121.4988895,134.1560917,164.8621422,0,0,0,0,0,0,,,,,,
Paraguay,PRY,GDP (current US$),NY.GDP.MKTP.CD,8.837070236,8.85570514,8.495806432,7.196260657,7.691367471,3,1,2,0,0,0,,,,,,
West Bank and Gaza,PSE,GDP (current US$),NY.GDP.MKTP.CD,4.2712,4.3136,4.0037,3.5558,3.968,0,0,0,0,0,0,,,,,,
Pacific island small states,PSS,GDP (current US$),NY.GDP.MKTP.CD,3.767300598,3.460016615,3.418277942,3.583557187,4.193500486,0,0,0,0,0,0,,,,,,
Post-demographic dividend,PST,GDP (current US$),NY.GDP.MKTP.CD,25851.74372,26283.49036,26043.65899,27159.97643,30461.26039,0,0,0,0,0,0,,,,,,
French Polynesia,PYF,GDP (current US$),NY.GDP.MKTP.CD,3.797016069,3.447543138,0,0,0,0,0,0,0,0,0,,,,,,
Qatar,QAT,GDP (current US$),NY.GDP.MKTP.CD,12.39313187,17.75989011,17.53846154,19.36373626,23.53379121,2,0,1,1,0,0,,,,,,
Romania,ROU,GDP (current US$),NY.GDP.MKTP.CD,35.95278158,37.25325902,40.39482468,46.06610195,57.80650602,0,0,0,0,0,0,,,,,,
Russian Federation,RUS,GDP (current US$),NY.GDP.MKTP.CD,195.9071284,259.7101422,306.6020706,345.4704944,430.3477707,0,0,0,0,0,0,,,,,,
Rwanda,RWA,GDP (current US$),NY.GDP.MKTP.CD,2.157288438,2.068929592,1.966668014,1.965903268,2.138244785,3,0,1,2,0,0,,,,,,
South Asia,SAS,GDP (current US$),NY.GDP.MKTP.CD,598.3438047,630.4290619,645.8702738,677.6274876,791.0027179,0,0,0,0,0,0,,,,,,
Saudi Arabia,SAU,GDP (current US$),NY.GDP.MKTP.CD,161.71696,189.5149262,184.1374697,189.6059202,215.8076552,18,0,5,3,2,8,,,,,,
Sudan,SDN,GDP (current US$),NY.GDP.MKTP.CD,10.68204526,12.25741833,13.18297978,14.80318909,17.64650353,34,5,7,9,13,0,,,,,,
Senegal,SEN,GDP (current US$),NY.GDP.MKTP.CD,6.512207622,5.924239701,6.17489837,6.752510283,8.683229268,16,1,4,8,3,0,,,,,,
Singapore,SGP,GDP (current US$),NY.GDP.MKTP.CD,86.28466077,96.07447796,89.79494335,92.53775271,97.64544828,0,0,0,0,0,0,,,,,,
Solomon Islands,SLB,GDP (current US$),NY.GDP.MKTP.CD,0.495442426,0.429169369,0.424403183,0.356507824,0.352522682,4,1,1,0,1,1,,,,,,
Sierra Leone,SLE,GDP (current US$),NY.GDP.MKTP.CD,0.669384769,0.635874002,1.090467712,1.25334052,1.385810072,33,9,24,0,0,0,,,,,,
El Salvador,SLV,GDP (current US$),NY.GDP.MKTP.CD,11.284197,11.7849277,12.2825336,12.6641903,13.2438922,0,0,0,0,0,0,,,,,,
San Marino,SMR,GDP (current US$),NY.GDP.MKTP.CD,1.109098658,1.005159388,1.077413479,1.168269231,1.464326161,0,0,0,0,0,0,,,,,,
Somalia,SOM,GDP (current US$),NY.GDP.MKTP.CD,0,0,0,0,0,22,4,9,5,3,1,,,,,,
Serbia,SRB,GDP (current US$),NY.GDP.MKTP.CD,19.38866355,6.875845987,12.96053872,17.12090692,22.48236532,0,0,0,0,0,0,,,,,,
Sub-Saharan Africa (excluding high income),SSA,GDP (current US$),NY.GDP.MKTP.CD,370.9864818,395.0427714,376.8989893,411.1205209,515.5431141,0,0,0,0,0,0,,,,,,
South Sudan,SSD,GDP (current US$),NY.GDP.MKTP.CD,0,0,0,0,0,0,0,0,0,0,0,,,,,,
Sub-Saharan Africa,SSF,GDP (current US$),NY.GDP.MKTP.CD,375.973817,400.3427788,382.158345,416.6826934,522.0891238,0,0,0,0,0,0,,,,,,
Small states,SST,GDP (current US$),NY.GDP.MKTP.CD,116.5757954,128.9404928,129.4958851,138.5865466,165.7485248,0,0,0,0,0,0,,,,,,
Sao Tome and Principe,STP,GDP (current US$),NY.GDP.MKTP.CD,0,0,0.075951211,0.085171308,0.102085583,0,0,0,0,0,0,,,,,,
Suriname,SUR,GDP (current US$),NY.GDP.MKTP.CD,0.886290698,0.94767197,0.834279358,1.093574468,1.274190311,0,0,0,0,0,0,,,,,,
Slovak Republic,SVK,GDP (current US$),NY.GDP.MKTP.CD,30.45338376,29.16995301,30.75215034,35.13034067,46.81658916,2,1,1,0,0,0,,,,,,
Slovenia,SVN,GDP (current US$),NY.GDP.MKTP.CD,22.71138431,20.28962764,20.87630997,23.48989027,29.63471364,1,0,1,0,0,0,,,,,,
Sweden,SWE,GDP (current US$),NY.GDP.MKTP.CD,274.0721824,262.8354544,242.3958525,266.8490618,334.3372123,3,2,1,0,0,0,,,,,,
Eswatini,SWZ,GDP (current US$),NY.GDP.MKTP.CD,1.547884442,1.738100853,1.542477355,1.432228173,2.197612767,0,0,0,0,0,0,,,,,,
Sint Maarten (Dutch part),SXM,GDP (current US$),NY.GDP.MKTP.CD,0,0,0,0,0,0,0,0,0,0,0,,,,,,
Seychelles,SYC,GDP (current US$),NY.GDP.MKTP.CD,0.622985494,0.614879765,0.622262057,0.697518248,0.705704816,0,0,0,0,0,0,,,,,,
Syrian Arab Republic,SYR,GDP (current US$),NY.GDP.MKTP.CD,15.87387597,19.32589491,21.09983378,21.58224888,21.82814469,0,0,0,0,0,0,,,,,,
Turks and Caicos Islands,TCA,GDP (current US$),NY.GDP.MKTP.CD,0,0,0.3587448,0.3667079,0.4097536,0,0,0,0,0,0,,,,,,
Chad,TCD,GDP (current US$),NY.GDP.MKTP.CD,1.534673583,1.385058162,1.710843361,1.997005787,2.742815195,5,1,0,0,4,0,,,,,,
East Asia & Pacific (IDA & IBRD countries),TEA,GDP (current US$),NY.GDP.MKTP.CD,1573.135222,1734.177689,1844.991054,2041.983929,2311.083185,0,0,0,0,0,0,,,,,,
Europe & Central Asia (IDA & IBRD countries),TEC,GDP (current US$),NY.GDP.MKTP.CD,821.9697497,893.5496077,909.478758,1022.132546,1256.700293,0,0,0,0,0,0,,,,,,
Togo,TGO,GDP (current US$),NY.GDP.MKTP.CD,1.576094566,1.488185772,1.48114185,1.698678686,2.111093198,0,0,0,0,0,0,,,,,,
Thailand,THA,GDP (current US$),NY.GDP.MKTP.CD,126.6690644,126.3922337,120.2964762,134.3008513,152.2806776,40,4,4,14,12,6,,,,,,
Tajikistan,TJK,GDP (current US$),NY.GDP.MKTP.CD,1.086605267,0.860521119,1.080768907,1.221120799,1.555301496,16,4,6,6,0,0,,,,,,
Turkmenistan,TKM,GDP (current US$),NY.GDP.MKTP.CD,2.450564468,2.904662605,3.534803922,4.461978499,5.977560877,1,0,0,0,1,0,,,,,,
Latin America & the Caribbean (IDA & IBRD countries),TLA,GDP (current US$),NY.GDP.MKTP.CD,1968.183536,2177.343057,2119.124078,1884.69046,1921.605749,0,0,0,0,0,0,,,,,,
Timor-Leste,TLS,GDP (current US$),NY.GDP.MKTP.CD,0,0.3670879,0.4774575,0.4694611,0.4904003,0,0,0,0,0,0,,,,,,
Middle East & North Africa (IDA & IBRD countries),TMN,GDP (current US$),NY.GDP.MKTP.CD,431.5515836,447.3097074,462.3226501,447.2299541,504.9953836,0,0,0,0,0,0,,,,,,
Tonga,TON,GDP (current US$),NY.GDP.MKTP.CD,0.199214621,0.204849595,0.181116944,0.182763673,0.20224698,0,0,0,0,0,0,,,,,,
South Asia (IDA & IBRD),TSA,GDP (current US$),NY.GDP.MKTP.CD,598.3438047,630.4290619,645.8702738,677.6274876,791.0027179,0,0,0,0,0,0,,,,,,
Sub-Saharan Africa (IDA & IBRD countries),TSS,GDP (current US$),NY.GDP.MKTP.CD,375.973817,400.3427788,382.158345,416.6826934,522.0891238,0,0,0,0,0,0,,,,,,
Trinidad and Tobago,TTO,GDP (current US$),NY.GDP.MKTP.CD,6.808982521,8.154338233,8.824873259,9.008273721,11.3054598,0,0,0,0,0,0,,,,,,
Tunisia,TUN,GDP (current US$),NY.GDP.MKTP.CD,22.94368572,21.47318888,22.06610134,23.14229444,27.45308498,3,0,1,1,1,0,,,,,,
Turkey,TUR,GDP (current US$),NY.GDP.MKTP.CD,256.3855252,274.3029591,201.7533433,240.2489656,314.5953975,187,109,35,19,5,19,,,,,,
Tuvalu,TUV,GDP (current US$),NY.GDP.MKTP.CD,0.013687141,0.013742057,0.013196545,0.015450994,0.018231079,0,0,0,0,0,0,,,,,,
Tanzania,TZA,GDP (current US$),NY.GDP.MKTP.CD,12.71121345,13.37597635,13.58164425,14.14203508,15.2242577,8,0,2,4,2,0,,,,,,
Uganda,UGA,GDP (current US$),NY.GDP.MKTP.CD,5.998563258,6.193246837,5.840503869,6.178563591,6.606884391,117,19,20,24,24,30,,,,,,
Ukraine,UKR,GDP (current US$),NY.GDP.MKTP.CD,31.58063905,31.26152736,37.97230133,42.35159389,50.0841975,11,6,1,0,3,1,,,,,,
Upper middle income,UMC,GDP (current US$),NY.GDP.MKTP.CD,4176.815175,4612.564112,4666.447813,4707.254626,5283.772928,0,0,0,0,0,0,,,,,,
Uruguay,URY,GDP (current US$),NY.GDP.MKTP.CD,23.98394519,22.8232558,20.89878842,13.6064946,12.04563109,0,0,0,0,0,0,,,,,,
United States,USA,GDP (current US$),NY.GDP.MKTP.CD,9630.664202,10252.34546,10581.8214,10936.41905,11458.24388,192,53,32,41,33,33,,,,,,
Uzbekistan,UZB,GDP (current US$),NY.GDP.MKTP.CD,17.07846598,13.76051397,11.40142133,9.687788513,10.13445344,8,8,0,0,0,0,,,,,,
St. Vincent and the Grenadines,VCT,GDP (current US$),NY.GDP.MKTP.CD,0.390719148,0.39626137,0.430039296,0.461883444,0.481806296,0,0,0,0,0,0,,,,,,
"Venezuela, RB",VEN,GDP (current US$),NY.GDP.MKTP.CD,97.97688625,117.1407235,122.9039602,92.89358773,83.62062858,0,0,0,0,0,0,,,,,,
British Virgin Islands,VGB,GDP (current US$),NY.GDP.MKTP.CD,0,0,0,0,0,0,0,0,0,0,0,,,,,,
Virgin Islands (U.S.),VIR,GDP (current US$),NY.GDP.MKTP.CD,0,0,0,3.269,3.453,0,0,0,0,0,0,,,,,,
Vietnam,VNM,GDP (current US$),NY.GDP.MKTP.CD,28.68365901,31.1725184,32.68519874,35.0641055,39.55251332,4,0,0,4,0,0,,,,,,
Vanuatu,VUT,GDP (current US$),NY.GDP.MKTP.CD,0.268006973,0.272014693,0.257926882,0.262596598,0.314471328,0,0,0,0,0,0,,,,,,
World,WLD,GDP (current US$),NY.GDP.MKTP.CD,32563.16074,33623.63791,33430.84199,34712.45185,38948.20769,0,0,0,0,0,0,,,,,,
Samoa,WSM,GDP (current US$),NY.GDP.MKTP.CD,0.258833767,0.26901971,0.273088357,0.288078881,0.338838639,0,0,0,0,0,0,,,,,,
Kosovo,XKX,GDP (current US$),NY.GDP.MKTP.CD,0,1.849196082,2.535333632,2.406270658,2.790455728,130,39,60,17,5,9,,,,,,
"Yemen, Rep.",YEM,GDP (current US$),NY.GDP.MKTP.CD,7.641102523,9.65243618,9.861560095,10.69462809,11.77796667,0,0,0,0,0,0,,,,,,
South Africa,ZAF,GDP (current US$),NY.GDP.MKTP.CD,136.6323207,136.3612981,121.5146587,115.4823683,175.256917,46,17,21,0,8,0,,,,,,
Zambia,ZMB,GDP (current US$),NY.GDP.MKTP.CD,3.404311977,3.60068304,4.094480988,4.193845678,4.901839731,16,7,8,0,1,0,,,,,,
Zimbabwe,ZWE,GDP (current US$),NY.GDP.MKTP.CD,6.8580131,6.6899576,6.7773847,6.3421164,5.7275918,13,0,1,3,8,1,,,,,,
